,Title,Flair
0,Will donate thrice the number of upvotes (amount in Rs.) i get for this thread in next 24 hours,[R]eddiquette
1,Fuck all Religion,Politics
2,Indian reply to NYtimes cartoon on Paris climate accord by Satish Acharya.,/r/all
3,"The essence of the Indian soap opera, distilled into one GIF.",/r/all
4,Lamborghini blocked by buffaloes in India,Non-Political
5,"As a Brazilian, I just want to say that you guys are in another level!",Science/Technology
6,iPhone 12 pricing in India,Non-Political
7,This looks legit..,Non-Political
8,China get out. Boycott China. .. Sponsored by Vivo.,Politics
9,I‚Äôm a westerner who has worked hard learning your amazing food and culture. Today I presented my first thali. Jai Hindi,Food
10,Boycott China.,Coronavirus
11,Today's The Hindu,Coronavirus
12,German exchange Student at IIT Madras is being sent back home by the Indian immigration department because he joined the protest.,Politics
13,"India had 90,000 new COVID cases in a SINGLE DAY. The media is talking about Rhea Chakraborty to distract you. Don't get sucked in.",Coronavirus
14,"WhiteHatJr filed a 20 CRORE defamation case against me, Pradeep Poonia.",Business/Finance
15,Tragedy of India,/r/all
16,Irrfan Khan dies at 54,Non-Political
17,Hyderabad cop running for 2 km to help ambulance get through traffic,Non-Political
18,The wealth inequality in India is truly horrifying,Politics
19,"If you are not moved by this picture, I wish I had your heart. [NP]",Non-Political
20,Online Education,Policy & Economy
21,Megathread: India-Pakistan border skirmish,[R]eddiquette
22,"""From midnight the entire country will go under a complete lockdown,"" says PM Modi.",Politics
23,"Dear Hindus, we Indian Muslims rejected an Islamic state in 1947.. Now it's your turn to reject a Hindu Nazi state.. Speak up. NOW",Politics
24,I bought the domain name pmcares.fund because it was available and made a satirical modi-themed chrome dinosaur game in it,Art/Photo (OC)
25,"Spend nearly 500 rs bucks to watch JOKER and in return all i got was 30 mins of advertiment before the movies,20 mins adver. in interval, giant subtitles, and stupid tobacco discalimer which stuck through 70% of the time in the screen,which made crucials scenes so distracting and out of focus.",Non-Political
26,"Dear Indian society, you do not possess the moral high ground to criticize racism in any other country",Non-Political
27,Image Of Smiling Baby For Hyderabad Police Officers Who Rescued Him From The Kidnappers Thrill The Internet,Non-Political
28,This is India.,Politics
29,No Yoga and Yoga. Difference,Politics
30,"My grandmother, aged 90, learning to use the laptop to read the e-newspaper. I think her willingness to accept and adapt to change is really appreciable.",Non-Political
31,Winner of a fancy dress competition at a school in Bangalore,/r/all
32,"Two NE student in Karnataka were not allowed to enter store to buy groceries, denying them to be Indian even after they showed their adhaar card . STOP RACISM. (Facebook : @kady.aomi)",Coronavirus
33,[OC] [meme] Solar eclipse,r/indiameme
34,Ganesh Chaturthi & Muharram possessions crossing each other.,Non-Political
35,"Help, ideas needed. HLL poisoned my village with mercury. There have been 250 cancer deaths in just 5 years in just my tiny village. Se[r]ious replies only.",[R]eddiquette
36,"An Indian woman, a Japanese woman, and a Syrian woman, all training to be doctors at Women‚Äôs Medical College of Philadelphia. - October 10, 1885.",Non-Political
37,"""Elders Must Be Respected In Group""",Coronavirus
38,The lawyers who got India to legalise homosexuality will now push for same sex marriage,Politics
39,Bollywood actor Sushant Singh Rajput commits suicide,Non-Political
40,"Spirit of Mumbai tired and beaten: Ashok Singh(45) a vegetable vendor who opened his shop for the first time in four months on Wednesday, burst into tears as he was forced to shut it because of flooding.",Non-Political
41,First day of Lockdown in our city/Andhra Pradesh,Coronavirus
42,Boycott China protestors used map of USA to boycott China,Politics
43,Weighing us down?,Politics
44,story of the German student forced to leave after CAA protests,Politics
45,Some things never change,Non-Political
46,"An empirical analysis of ten rupees chips packets Ft. Lays, Bingo, Haldiram.",Food
47,"The ironic reality of delivery workers, art by Moinazim Graphics",Non-Political
48,"So Zomato is sending mass emails encouraging kids to order food in secret and hide it from their parents, thereby potentially risking everyone else in their family",Business/Finance
49,Mumbai protests aerial view,Politics
50,"If your school had soap,then you were very lucky",r/indiameme
51,Incredible India.,Non-Political
52,Corona Donors,Coronavirus
53,Our country and its priorities,Politics
54,"Picture of culprit who brandished and fired gun at silently protesting student in Jamia while shouting, ""You want Azzadi? Ye lo Azaadi"".",Politics
55,Times Now reporter Prashant Kumar's tweet.,Politics
56,How to not manage a pandemic. Source in the comments,Coronavirus
57,Govt to ban 59 Chinese apps including TikTok as border tensions simmer in Ladakh,Politics
58,"Her tongue was cut, spine broken. What about you?",Politics
59,"900 year old optical illusion. An elephant and a bull sharing a common head. Airavatesvara Temple, India.",Non-Political
60,My friend passed away and TOI made a mockery of her.,[R]eddiquette
61,Indian Lo-Fi girl by u/animesh_sensei. Do show him some support for his digital artworks.,Non-Political
62,Entrance exams during a pandemic.,Politics
63,Migrant worker breaks down while being offered food. Source in comments.,Coronavirus
64,This seemed better in my head,r/indiameme
65,A farmer in Manipur grew a cabbage weighing 7 kilograms!!,Non-Political
66,Questions,Politics
67,Studied a lot for the last couple of years on these and I had to make this.,Business/Finance
68,"A black panther roaming in the jungles of Kabini, India. [Source in comments]",Non-Political
69,All four people accused of Hyderabad vet gangrape killed in encounter.,Politics
70,Dem truth bombs,Non-Political
71,For an industry that has to paint their actors black than find a talent who can easily fit the roles .. of course #BlackLifeMatters,Non-Political
72,"After constantly being told off in Bombay because I didn't have the right connections/contacts, I finally said ""Screw Bollywood."" and made a short action video on my own because I don't plan on giving up. Would love to know what you guys think about it!",Art/Photo (OC)
73,When Nirbhaya's parents met with Mr.Modi and then there is Rahul Gandhi.,Politics
74,"Pro-gamer move by Women of Bangalore in a student led protest courtesy of - Section 46(4) of Code of Criminal Procedure, 1973",Politics
75,Corona cases connected to Nizamuddin dargah jamaat go up!,Coronavirus
76,"Superheroes in their capes. The ones who fought the crypto battle for 1.3 billion people. Because of them, bitcoin is now legal to trade in India.",Policy & Economy
77,"Hello there, from Bangalore",Politics
78,Haven't seen these in a long long time,History 
79,"If this male police officer has the audacity to grab kurta of Priyanka Gandhi , I shudder at the thought how he would be treating other women.",Politics
80,"The Western ghats, India.",Art/Photo (OC)
81,Police brutality is normalised here in India. THIS SHOULD STOP,Non-Political
82,"The Buddha Park of Ravangla, in Sikkim India",Photography
83,"This old man in Mumbai near McDonald's Bhendi Bazar, sells key chains, chains & other things to feed his family. He doesnt have customers. Purchase key chains & help him as he is very old and can't even stand properly. After Baba Ka Dhaba, help him so that he can earn some money.",Non-Political
84,"Hi r/India, Wanted to share a digital painting I did of a Tamil Woman",Non-Political
85,Photoshop Genius Turned a Family Into Krishna Family,Non-Political
86,Memes work a bit differently when in Delhi!,Non-Political
87,A kid dancing for/with the dogs.,Non-Political
88,"Hasan Minhaj calls out Indian racism and obsession with fair skin | Patriot Act ""We Cannot Stay Silent About George Floyd"" (Timestamp: 5m29s)",Politics
89,Weird chap! Completely disconnected,Politics
90,Hindu cop standing guard as Muslim comrade offers namaz (photo shared by Srinagar Sector CRPF on Twitter),Non-Political
91,"Tigress Samruddhi with her four cubs at the Aurangabad zoo. The cubs, including two white, were born on Saturday morning.",Non-Political
92,"In the Movie Signs, Aliens somehow find empty real estate in Bangalore to create Crop Circles.",Non-Political
93,Diya - Artwork i made that I couldn't finish before Diwali,Art/Photo (OC)
94,"1 vs 3000: I couldn't afford a Telescope or a Tracker, so I spent 3 nights taking over 3000 Exposures of The Andromeda Galaxy using just an entry-level camera. Merged them together using a technique called ""Stacking"", and this is the result. Taken from Bhopal [Nikon D3100, 2909x1406] [OC]",Photography
95,Modi: Last Week Tonight with John Oliver (HBO),Politics
96,500TB pen drive from Mahabharata era unearthed by Archaeological Survey of India,Totally real
97,You know what‚Äôs common between me and my patients in COVID ICU? We can‚Äôt breathe.,Coronavirus
98,Soon on Netflix,Politics
99,Population density of India in 3-D.,Non-Political
100,Diversity in the Indian Army,Non-Political
101,"My father has been taking the same bus to work and back for the last 5 years. Today, all the regular commuters gave a farewell to the bus conductor on his last working day.",Non-Political
102,"When I was small, my parents used to tell me how it is their dream to make my grandparents fly in an airplane; after 27 years of patience and hardwork the moment finally came.",Non-Political
103,"The biggest score in an Olympic hockey match is the 24-1 victory of India over the USA, played on August 11, 1932",Sports
104,Just an intresting thought,Non-Political
105,From Swiggy‚Äôs Office in Kochi.,Non-Political
106,I'm proud to say that our society didn't burn a single cracker. Happy Diwali to all!,Art/Photo (OC)
107,Today's annular solar eclipse from Dehradun [OC],Photography
108,"A Manipuri girl at Vijay Nagar, Delhi was spat on by an middle aged man and shouted at ‚ÄúCorona‚Äù before fleeing on his white scooty.",Coronavirus
109,"Muslim neighbors came, lifted the bier & also chanted ""Ram Naam Satya hai"" in the funeral procession of a Hindu Man, Because of the #COVID fear, none of his relatives came to lift the bier.",Non-Political
110,"Criticize everyone, but I won't turn on the comments section",Politics
111,The struggle is real.,Non-Political
112,"Some Good Feelings: Having a full stomach, clicked somewhere in AP",Non-Political
113,Our India!,Politics
114,Every Hindu right now to the BJP.,Politics
115,One Nation.,Politics
116,"Met a player in Among us, Named Selmonbhoi dressed as a blackbuck xD",Non-Political
117,The Last Conversation,Non-Political
118,#Profile4Peace #SayNoToWar (x-post from /r/pics),Politics
119,Indian Wonder Woman- Cosplay by Deepica Mutyala,Non-Political
120,Good bois celebrating International Yoga day!,Non-Political
121,If you still throw garbage on street.,Non-Political
122,"A Srinagar based Urdu newspaper ‚Äî Roshni ‚Äî giving mask for free with a copy. ‚ÄòRoshni,‚Äô means ‚ÄòLight‚Äô.",Non-Political
123,This type of cringe on LinkedIn is really getting out of hand,Non-Political
124,Our May wedding was cancelled due to covid. We were finally able to have a traditional wedding yesterday (with only family present.),Non-Political
125,This will stay with me as a reminder if Nov 8,Policy & Economy
126,Clearing the road for a very important ‚ÄúPedestrian‚Äù Salute to the cop!!,Non-Political
127,"My Mario Rangoli this year, Happy Diwali!",Art/Photo (OC)
128,Team of lawyers who fought against the government in Guwahati High Court to lift the ban on internet.,Politics
129,Welcome to Indian Education where they make you write code with hand.,Non-Political
130,This subtle stencil art on a pillar in Delhi,Politics
131,News Anchors at 8 PM,Politics
132,Parle Products has decided not to advertise on news channels that broadcast toxic aggressive content. These channels are not the kinds that the company wants to put money into as it does not favour its target consumer. It's time more companies join the lead of Bajaj and Parle.,Politics
133,Modi is included in Time magazine's 100 most influential people of 2020. But its not advertised and here is the reason why. (Here is the Editor's note),Politics
134,"Celebrating holi amidst snowfall in Sangla, Himachal Pradesh.",Non-Political
135,"A fruit seller in Delhi left his crates of mangoes unattended for a while and almost everyone who saw them raided those crates and robbed them clean in a matter of seconds. Just like that, India's Common Man‚Ñ¢ can become a thief who steals from a poor man. [Link to the article below]",Non-Political
136,"Woke up dreaming of Pav Bhaji. 3 hours later, made my dreams come true...",Food
137,Amazon with the insanely fast delivery!,Business/Finance
138,Running a parallel IT Cell from my home against BJPs IT Cell. 40 servers on AWS. Monitoring 2 lakh bot accounts on Twitter. Find my AWS Bill in comments.,Politics
139,"Hey Indians! I just finished drawing my new map by hand, and put a lot of effort into it. I really dont mean to offend anyone with the ‚Äòdisputed‚Äô areas, but i hope you guys can still appreciate it. Greetings from the Netherlands :)",Art/Photo (OC)
140,A mother wrote to Hindustan pencils about her left-handed daughter's needs and they responded,Business/Finance
141,"After banning Chinese apps, India raises Hong Kong at UN | India News,The Indian Express",Politics
142,Desi Cybertruck,Non-Political
143,Uber drivers being safe,Coronavirus
144,"TOI removing the letter ""i"" from the entire front page for the sake of 1 advertisement",Business/Finance
145,We need to talk about 1984 Anti-Sikh Genocide,Politics
146,"I walked over 3,600 kilometres across India. 100% walking! It took me exactly 7 months. This happened already 5 years ago. Here are some of my photos from that long walk across India. Thank you very much for your attention! Please stay safe, healthy and positive in this difficult time!!!",Photography
147,Airtel's Privacy policy.,Policy & Economy
148,"The Trend is spreading to Dimapur, Nagaland.",Non-Political
149,"I colorized a photo taken at Rashtrapati Bhavan on 15th August, 1947",Photography
150,Kerala Health Minister K. K. Shailaja on Vogue India cover,Politics
151,"JioMeet - ‚ÄúHey Zoom, can I copy your homework? I‚Äôll be subtle‚Äù",Business/Finance
152,[OC]My first good shot of the Milky Way shot right from my rooftop in the middle of Pune [2318x3035][Nikon d5100],Photography
153,- First lady of US is visiting - High security. Secret service all over. No sudden movements Sardar Kid - Sorry... When it's Bhangra time... It's Bhangra time...,Non-Political
154,Recent Rape case involving MLA of Unnao,[R]eddiquette
155,Assam Floods,Non-Political
156,Police Officer feeding an amputee Monkey. ( Originally posted in r/HumanBeingBros ),Coronavirus
157,A reminder...,Politics
158,People queuing up in Kozhikode Medical College Blood Bank to donate blood for the victims of the plane crash at midnight despite the heavy rain.,Non-Political
159,"TIL of Ghulam Dastagir, a Stationmaster who refused to leave his post during the Bhopal Gas Tragedy & saved thousands of lives by not letting any trains stop at the station. He spent the next 2 decades in & out of hospital due to long exposure to the gas before passing in 2003(X-posted from r/TIL)",Non-Political
160,Gay sex has been decriminalised in India. The Supreme Court struck down Section 377 of IPC. Love wins.,Politics
161,Lessons to learn by Indian women from Rhea Chakraborty's tragedy,Politics
162,Food or medicine may not reach everywhere but LEDs can.,Politics
163,"""In response to Modi's unfortunate comment on the clothes identifying the ""group"" of those protesting against CAB, NRC and NPR, a protestor takes off his shirt to show his janeu. Now what do you have to say about that Prime Minister?"" - Mohan Guruswamy",Politics
164,"Government proposes to remove Article 370, bifurcate Jammu & Kashmir state [Megathread]",[R]eddiquette
165,Justice for Manisha Valmiki. Artwork by Me.,Politics
166,India did it before it was cool.,Non-Political
167,Beautiful Bangalore,Non-Political
168,Spotify after two songs,Non-Political
169,How India takes offence,Politics
170,"Visited Golden Temple, Amritsar. Realised if places are kept this clean, the level of spirituality raises manifolds. This all looked so beautiful post Diwali üôè (OC)",Art/Photo (OC)
171,Who created Arogya setu app?,Politics
172,'Baba ka Dhaba' is everywhere. Please buy from poor vendors especially elderly people and support them,Policy & Economy
173,Spotted in Hyderabad,They Knew
174,Tesla Semi Truck in India. [NP],Non-Political
175,Only in India would this be proudly advertised,Non-Political
176,"Kunal Kamra issues statement - No lawyers, No apology, No fine, No waste of space",Politics
177,"Looks like somewhere in a first world country, doesn't it ? But it's my city, Kolkata, after the night of Diwali and Kali Puja. Hats-off to every citizen who refrained from bursting firecrackers, for putting others before themselves.",Non-Political
178,"Inspite of rising threat from Covid-19 some are still trying make a handful of dime... Wells Fargo* of Marathahalli, Bangalore is forcing employees to do regular work and even locking them up... Police is also not responding... Publicise it for freedom from such slave masters.",Coronavirus
179,I‚Äôm that westerner chef & I‚Äôm back! Bought a dabba and made Basmati rice w/ Gunpowder Spice - Paneer Makhani - Masoor Dal. Thanks for the support,Food
180,"Too dignified to beg, too poor to buy",Coronavirus
181,Yesterday the government said there is no soldier of Indian army missing & today the Chinese gov released 10 Indian army soldiers. If the Chinese had not released them we would have never known about them. Indian government literally disowned our own soldier. This is what is call Anti-National.,Politics
182,"R.K. Laxman, The Times of India [1993]",Politics
183,Today I cleaned my room,Non-Political
184,Fair and Lowly,Non-Political
185,"Left is the first ever Moon shot I took back in 2014. Right is a few days ago when I combined 1012 Exposures of the First Quarter Moon together using a technique called ""Stacking"" to improve details on the surface. Both images were taken with the exact same gear,in Bhopal[Nikon D3100,2400x1600][OC]",Photography
186,Everything is Banned: An Ajnabee's Reaction to the Porn Ban,Politics
187,I finally decided to upload my first webcomic [OC],Non-Political
188,I contacted hotstar support regarding dropping the latest LastWeekTonight episode...,Unverified
189,WhiteHatJr Lady Director is harassing me with false harassment allegations and Legal threats.,Non-Political
190,India's first indigenous processor developed at IIT Bombay. I am a designer AMA!!,Casual AMA
191,Im the guy you hear in math problems AMA,Food
192,Book stall owners using memes,Non-Political
193,"IAF Sources: 12 Mirage 2000 jets took part in the operation that dropped 1000 Kg bombs on terror camps across LOC, completely destroying it",Politics
194,Extra Sensitive Right Wingers,Politics
195,"I took these images in 2017 at The Gwalior Fort. Couldn't get any details out back then due to the insane Light Pollution. Yesterday I got back to them & manually processed and merged 160 different exposures using a technique called ""Stacking"" and this is the result. [Nikon D3100, 4608x6144][OC]",Photography
196,Wanted to pay homage to my favourite actor. First irrfan Khan and now Rishi kapoor. Such a tragic week for Indian cinema. Rest in peace,Non-Political
197,Wholesome,Non-Political
198,Indian Journalism,Politics
199,Stolen,Non-Political
200,"Republic TV's invitation for Arnab Goswami's show tonight, with the response.",Politics
201,A deserted East Express Highway in Mumbai,Coronavirus
202,Caste-blind Indians.,Moderated
203,CM Ashok Gehlot of Rajasthan on Love Jihad,Politics
204,Go Save the world!,Politics
205,1 Million dislikes!,Politics
206,"This is how Suniel Shetty saved the dignity of 128 Nepalese women 24 years ago, and stayed silent on his heroic act",Non-Political
207,Now Read this...,Politics
208,Happy Diwali üéÜ,Art/Photo (OC)
209,My mood since past few days.,Politics
210,Bought a book from Daryaganj for a 70 bucks. Opened it up later to receive this little surprise!!!,Non-Political
211,"Kunal Kamra and Anurag Kashyap turn up at Republic office with a ""special gift"" for Arnab Goswami",Politics
212,Unpopular Opinion: Divorce rate in India is less because most women are not financially independent.,Non-Political
213,Better Safe Than Sorry,Politics
214,Indian Women‚Äôs Hockey team returns to India after winning the FIH Women's Series Finals Hiroshima 2019 after defeating host Japan 3-1 in the Final on June 23,Sports
215,Durga Puja artwork,Non-Political
216,No Community Spread,Coronavirus
217,I repeat.,Coronavirus
218,Rural India is wild. Literally.,Non-Political
219,"Bernie Sanders: Over 200 million Muslims call India home. Widespread anti-Muslim mob violence has killed at least 27 and injured many more. Trump responds by saying, ""That's up to India."" This is a failure of leadership on human rights.",Politics
220,"Moon in HDR, Stack of 200 Photos [OC] 2000x2500, Shot using Canon 200D with 55-250mm Kit lens from Chennai",Photography
221,Helped distribute some food yesterday and the smile of the kids meant everything. Please don't forget to donate food these days if you can as many still haven't received any benefits.,Coronavirus
222,10 Rs discount if you know English,Non-Political
223,Full businessbaazi üòé,Non-Political
224,Irrfan Khan Mural,Non-Political
225,"India now ranks 94th among 107 countries in terms of hunger, and continues to be in the 'severe' hunger category according to the Global Hunger Index 2020. According to the study, 14% of India's population is undernourished.",Politics
226,Our cities are starting to look like european cities. Prayagraj was looking like Venice today after some heavy rain. The name change indeed worked.,Politics
227,"Modi govt wanted to ban PUBG, but realised youth will then ask for jobs: Congress",Politics
228,I saw the Chandrayaan 2 launch in person,Science/Technology
229,Excerpt from movie Swadesh,Non-Political
230,Priorities,Politics
231,Artist Badaal Nanjudaswamy recreates an astronaut walking on moon full or craters in Bengaluru,Non-Political
232,In Mumbai,Politics
233,Up,Politics
234,"I've made by hand a map showcasing the languages and landscapes of India and its surroundings, I hope you will like it !",Non-Political
235,This Amazon review for top selling face mask,Coronavirus
236,Journalists in Jail [Non OC] [Source @aarifshaah],Politics
237,"I painted my uncle yesterday. I'm on my trip here in Punjab and have been trying to create this for years now. Oil in sketchbook, ""Darshan""",Non-Political
238,"A young poor kid offering a part of her meager meal to an elderly dog. I took this photo in one of the biggest temples in West Bengal. In the entire temple, this scene was the one of true devotion.",Non-Political
239,Uncle seems to have been quite cool,Non-Political
240,India Today statement on Hathras phone tapping incident,Politics
241,I'm the westerner who did the Thali. Here is my version of Panipuri with roasted & puffed chana.,Food
242,Air India thanks the people of Malappuram,Non-Political
243,West desi chef here again. You asked for sweets so I made: Rabri- Jalebi and Gulab Jamun.,Food
244,River crossing problem,Politics
245,Now BYJUS got all the 5 videos from my youtube channel ALSO removed. If this isn't ONLINE BULLYING then what is?,Science/Technology
246,Ministry of Information & Technology bans PUBG and 118 other mobile applications,Politics
247,"Mahi Patir Miri. My Grand-Uncle. One of the first 2 Assamese to be selected for the British-Indian Forest Service. Dedicated his life to preserving a small wildlife sanctuary in the 1930s. Today that small sanctuary is the Kaziranga National Park, Assam.",Non-Political
248,BREAKING : Mumbai Police investigating Republic TV among 3 other channels for TRP manipulation. 2 arrested. Ad revenue from this manipulation duration is considered fraud.,Politics
249,The picture pretty much sums up the ideology of BJP right now,Politics
250,"Why are you running, you asked for it ?",[R]eddiquette
251,"[P] what the fuck are we doing? the government have banned Porn, Reddit, Pub-G, even live leak & many more website! we should immediately take action now",Politics
252,Captured India with my phone.,Coronavirus
253,Coffeezilla covers the WhiteHat Junior Situation .,Business/Finance
254,Hasan Minhaj at howdy modi,Politics
255,Somewhere in Assam,Non-Political
256,"RIP Grandpa, what an absolute legend you were",Non-Political
257,Diwali was a while ago.. here's a pic of my apartment complex add decked up but without crackers!,Art/Photo (OC)
258,I am the creator of pmcares.fund website. I want to thank r/india for making it viral,Politics
259,Inside Mysore Palace. [1080*1168] [OC] [Redmi Y2],Photography
260,Credit: @brownpaperbagcomics on Instagram,Non-Political
261,[OC] Happy Onam everyone! Here's the prepared Onasadhya today,Food
262,This is why the F√ºhrer wins in India!,Politics
263,My favorite lockdown pic so far!,Coronavirus
264,"Baba Pathan, from Ahmednagar, Maharashtra, helped conduct the wedding ceremony of two daughters of his widow muhboli-behen (sworn sister) and paid for all the expenses himself",Non-Political
265,Amul's cartoon remembering Chadwick Boseman,Non-Political
266,"Condition of an exam centre for NEET-JEE, and again it‚Äôs raining heavily!",Politics
267,"Moments after a plane landed, 10 min before gates would be opened",[R]eddiquette
268,From the Horse's mouth,Non-Political
269,Great idea sirji!!,Non-Political
270,Literal English meanings of Indian State Names,Unverified
271,So relevant again!,Politics
272,Heartbreaking photograph. Indian Army officer consoling father of Lance Naik Nazir Ahmad of Kulgam in South Kashmir who sacrificed his life for the country while fighting terrorists recently. India salutes these sons of the soil in Kashmir who always put nation first. Prayers,Politics
273,"A role model for countless Indian women, Kalpana was an ordinary girl from Karnal whose lofty dreams and indomitable courage took her to space.",Science/Technology
274,Someone added Laser to Gandhi's eye.,[R]eddiquette
275,"How to get away with murder, police edition ~ Kruttika Susarla",Politics
276,Someone made a stormtrooper Ganesha.,Non-Political
277,Just another street in Hyderabad,Non-Political
278,Contribution of Taxes,Policy & Economy
279,Govinda Govinda,Non-Political
280,Greetings from Saudi Arabia. During this lock down I have decided to make 150 dishes from around the world. Behold: Plain Naan Bread,Food
281,Don't call me to your wedding if your bridesmaids aren't dressed like this.,Non-Political
282,Mom found this good boye outside a store in 40 degrees heat.,Non-Political
283,Some kill with guns other with disinformation,Politics
284,Mumbai Girl Living On Footpath Scores 40 % in SSC 2020,Non-Political
285,Brace yourselves. We are less than 6 hours away from hitting superpower status.,Politics
286,Ladakhi mom carrying her child in basket because him walking will slow her down [Happy Mother's Day][OC][4000x3200],Photography
287,No Data Available,Politics
288,My teacher told me to draw something on 'Our duty towards the Nation during pandemic ' and then told me its inappropriate.,Non-Political
289,PM Modi's Mann Ki Baat on YouTube gets more dislikes again for September 2020 upload,Politics
290,"Pakistani here, hear me out",Politics
291,Asthami Special,Non-Political
292,"Indian men line-up for a free meal on the occasion of Id-Ul-Fitr near Jama Mazjid, New Delhi. Most of these men are rickshaw-pullers, daily-wage laborers and homeless men who rarely get two square meals a day",Non-Political
293,"Three businesses, one frame.",Non-Political
294,Anti CAA Protest in Kochi Today,CAA-NRC
295,"Omni Van turned into off-road vehicle, Hyderabad, India",Non-Political
296,"Even the air purifier is saying to duck off, pollution lvls over 800 here in Delhi",Non-Political
297,ToI delivers for a change,Non-Political
298,"Me during the Durga Pujas. Might have came off as a little rude. But when nobody is wearing a mask or practicing Social Distancing, this attitude was a necessary evil.",Non-Political
299,Rahul Gandhi arrested by UP police on his way to Hathras to meet gang-rape victim's family,Politics
300,New restaurant opening near my house.,Non-Political
301,"New Delhi, Google Maps",Non-Political
302,Harsh reality is we're it,Non-Political
303,Mumbai man cleans 5 million kgs of trash in 96 weeks. [X-post r/pics].,Non-Political
304,Here to share my ballpoint pen drawing with my fellow Indians.,Non-Political
305,"A dog wearing sunglasses hitchhiking atop a rickshaw in Mumbai, India",Non-Political
306,"This one hits hard. This was posted on r/samharris, couldn't crosspost because i don't know, only r/india wasn't available for crosspost.",Coronavirus
307,Kedarnath üôèüèº,Art/Photo (OC)
308,Tesla Cyber Tuktuk,Non-Political
309,Love for Canada,Non-Political
310,Indians Right Now.,Sports
311,"Jatayupara, Jatayu Earth Center, Kollam, Kerala [x-post r/pics]",Non-Political
312,Elderly auto-rickshaw driver assaulted for not chanting ‚ÄòJai Shree Ram‚Äô and ‚ÄòModi zindabad‚Äô in Rajasthan! After beating him up they said we will rest only after sending you to Pakistan!,Politics
313,Howdy Modi !,Politics
314,Courage.,Politics
315,"As soon as Modi noticed the camera gazing at him, he started praying. [ABP News]",Politics
316,From @PonnappaCartoon,Politics
317,something something the education system sucks...,Non-Political
318,Someone wrapped him in a plastic cover and left to die on the road. We took him home. Finger for scale.,Non-Political
319,People caught on camera exchanging their blackmoney after Masterstroke step of ‚ÄòDemonetisation‚Äô,Policy & Economy
320,Protest placard in Azad Maidan Mumbai : ‚ÄúI am from Gujarat. My documents burned in 2002‚Äù,Politics
321,Umar Khalid shares a JNU Incident related to Manmohan Singh.,Politics
322,Locked up home,Politics
323,"PSA: If you can, get out of India by December 31, 2019",Zoke Tyme
324,"Boycott Kerala, by Pencilashan",Politics
325,Raamji ki booti,Non-Political
326,That moment when legends remember this,Politics
327,"Swapna Burman, 6 toes in both legs, no money for special shoes. Father a rickshaw puller, mother working in a tea garden, running for her country in the final event of the Heptathlon with a bandaged jaw. And winning it for India This country certainly has no shortage of heroines",Sports
328,Found this 104 year old coin just sitting in my drawer,Non-Political
329,"Few days back, they would not have thought of all this sudden love coming their way. More details in the comment. #BabaKaDhaba #DelhiPeople",Non-Political
330,State of the Republic,Politics
331,"First time preparing everything from scratch ‚ò∫Ô∏è, wife feels proud !!",Food
332,Pro gamer move - source unknown,Politics
333,Horrific videos coming out of JNU. Another university attacked.,Politics
334,TIL the only witness of the Salman Khan hit and run case died a more cruel death than the footpath victim,Non-Political
335,A Suitable Propaganda.,Politics
336,Indian news anchor gearing up for landing,Non-Political
337,"I lost a night's sleep driving and camping out here but when the sun rose, this view made it all worth it. Nandi Hills in Karnataka. [NP]",Non-Political
338,Grocery shopping list of an Indian wife,Non-Political
339,Indian music industry has become shit.,Non-Political
340,How to get more volunteers for 'The ugly Indians' cleanup campaign? Below was result of 3 hour and 15 volunteers,Non-Political
341,"Since I'm leaving the country for education, I thought I'll sell my guitar for a good price on Olx. Got a call from a guy claiming that he's from an orphanage. Had my doubts but still sold it at a much cheaper price to him than what others were asking. Turned out to be really wholesome. Made me glad",Non-Political
342,Patanjali umbrella,Non-Political
343,PV Sindhu becomes the first Indian to be Badminton World Champion!,Sports
344,Hello I‚Äôm Nehru!,Politics
345,[OC] Trying my hand in colorizing some of the famous B&W photos. Madhubala by James Burke for Life Magazine 1951.,Non-Political
346,60 thousand fans turned up today to support the Indian football team against Bangladesh.,Sports
347,"While I am a Hindu, .....",Politics
348,Hindustan Times pays tribute to 20 Indian Army bravehearts killed in a face-off with China along the Line of Actual Control in eastern Ladakh.,Non-Political
349,"Too far, too close. Artist is MANJULToons.",Politics
350,How to destroy a country in 5 years.,Politics
351,The Propaganda Dairy,Politics
352,"Number of times Modi mentioned the words 'Coronavirus' or 'Covid 19' vs Months. As the cases increased, he slid away from being responsible. Source:- His twitter timeline.",Coronavirus
353,Deccan Herald 23/12/2019,Politics
354,Mumbai Police Meri Jaan,Politics
355,Jalebis to start Sunday and Dussehra. Happy Dussehra everyone.,Food
356,Andhra Pradesh should redesign this map/logo,Non-Political
357,Re-Creation Of Humanity (artist : Hasif khan),Non-Political
358,Who do you call when the police murders?,Politics
359,The Grey Indian Hornbill spotted near my house,Photography
360,"Comet Neowise captured from Bhopal. Had to stack 115 images together to get any details on the comet due to clouds [Nikon D3100, 3800x3072] [OC]",Photography
361,Most powerful image of the day (@ranaayyub),Politics
362,[The New York Times] India‚Äôs ruling Hindu nationalists are scapegoating the Hindi film industry to distract the country from Narendra Modi‚Äôs failure to control the pandemic.,Politics
363,Am I the only one who's tired of doing chores?,Non-Political
364,A little positivity in this trying time.,Non-Political
365,Woke up to this today. Made my day!,Non-Political
366,Tumbbad fan poster by me,Non-Political
367,Got the sreen guard for 6.5 inches mobile in 5 feet box (8 inches scale for reference),Non-Political
368,"Back in the day, almost every household in India had one of these!",Non-Political
369,"#trashtag India. Cleaning up the local Ganges riverbank in our small town of Uttarpara, West Bengal.",Non-Political
370,Actual footage of people trying to prebook Avengers: Endgame on BookMyShow since yesterday,Non-Political
371,Arnab Goswami & John Oliver,Politics
372,Mixing religion with politics is suicidal,Politics
373,Mom came up with this impressive idea to celebrate my bday amidst lockdown (choco pie & chena khir),Non-Political
374,"Pizza delivery boy tests positive, 72 families in South Delhi ordered to quarantine themselves",Coronavirus
375,Her crime was allegedly ‚Äúconspiring to block a road with a protest‚Äù that according to the police lead to the Delhi Riot.,Politics
376,Hotstar nukes PM Modi episode of last week tonight with john oliver.,Politics
377,AAP's response to BJP's Prakash Javdekar.,Politics
378,My aunt wanted to enroll her kid into whitehatjr and I convinced her against it,Business/Finance
379,"Today my office gave us India flags which are Eco friendly seeded products. Each of these flags contains a live seed which can be planted. Once you place the seeded item under a thin layer of soil, it will bloom within 4 to 6 weeks",Non-Political
380,"Delhi police breaking the wind shield of an auto in Seelampur, Delhi [Source: BBC Hindi]",Politics
381,One Inch: The difference between WC final and Billion heartbreaks,Official Sadness Thread
382,Legal notice to Aaj Tak for ‚Äòinsensitive‚Äô coverage of Sushant Singh‚Äôs death,Non-Political
383,I drew this to pay Respect to all Indian Soldiers,Politics
384,I visited Kolkata for Durga Pooja last year. The ceiling decor in the Pandals is out of the world.,Photography
385,The forced funeral of the Hathras rape victim,Politics
386,"Word Play -Khushwant Singh, Joke Book",Politics
387,Stop violence against doctors. Artwork by me.,Non-Political
388,I am afraid of the DLCs.,Politics
389,"The only reason why i love the new currency notes is the monuments that have been depicted. Hampi, Feb 2020",Demonetization
390,Indian farmer builds lean mean TREE CLIMBING machine!,Science/Technology
391,A silver Rupee coin from 1862!,Non-Political
392,Me at Kerala,Non-Political
393,Netflix India case study.[OC],Non-Political
394,"A misty morning in Idukki,Kerala.",Non-Political
395,"Bihar - go vote! Unfortunately, NOTA doesn‚Äôt have any impact on the outcome of the election so don‚Äôt waste your vote. Stay safe and vote wisely",Politics
396,First Cut by Manjul for Firstpost,Coronavirus
397,There is NO ROOM for abuse.Period. Digital Painting.,Non-Political
398,[OC] Two of the Greatest Directors together - Akira Kurosawa and Satyajit Ray (Venice Film Festival) - Colorized by Me,Non-Political
399,A public message from a resident doctor of Safderjung hospital in Delhi. #COVID19,Coronavirus
400,Mumbai Police enter Republic TV Editor Arnab Goswami‚Äôs residence and attempt to detain him. Arnab Goswami says he has been physically assaulted by Mumbai Police,Politics
401,GDP is increasing.,Politics
402,Matar Kulcha with Raita,Food
403,The hero we need but don't deserve. Bharat Bhushan Gupta Aadhar breach whistleblower.,Politics
404,"Wanted to share my recent painting with you guys. ""The Golden temple"", oil on canvas, 30""x40""",Non-Political
405,This is insane advertisement.,Coronavirus
406,"TIL in 2007, Sudhir Chaudhary, as CEO of a News Channel, oversaw a sting implicating a teacher for pushing students into prostitution; She was terminated and got beaten by mob before being jailed; She was later found not guilty; Student shown in sting was found to be a Journalist; Channel was banned",Non-Political
407,"Social distancing in vegetable market in Vijayawada, Andhra",Coronavirus
408,Antivirus Tiffin Center !,Food
409,The Monk who sold his Gillette..,Politics
410,An aerial view of Gangaikonda Cholapuram Temple,Non-Political
411,Into the Storm. (mumbai edition),Photography
412,Indian women admiring themselves with a mirror for the last 2000+ years,Non-Political
413,"I thought there was a lack of India based satire comics, so I made my own! - Brown Paper Bag. Let me know what you guys think about a few of my first comics",Non-Political
414,When you take your firangi friends to an Indian food joint,Food
415,The inside story of Zee News becoming a Covid-19 hotspot. Sudhir Chaudhary told employees he didn't want to hear complaints about fever and cough. He also demanded 100 percent attendance in office,Coronavirus
416,"As a South Indian, I have something to confess",TW for South Indian People
417,"Amateur astro-photographer here! I clicked this in Chitkul, Himachal Pradesh last year [4064x2706]",Photography
418,5 star hotels in India. The employees perspective,Business/Finance
419,"India wants innovation, but arrests IIT grad who develops faster Tatkal ticket-booking app",Policy & Economy
420,Found in Indore,Art/Photo (OC)
421,"at the stroke of the midnight hour, when the world sleeps... last rites are performed",Politics
422,Line of No Control - Sandeep Adhwaryu,Politics
423,YouTubers are picking up the WhiteHate story.,Non-Political
424,WhiteHatJunior is biggest scam of 2020(Rant),Business/Finance
425,Find someone who looks at you the way Putin looks at Modi,Politics
426,This is Burger King's Chicken Tandoori Grill burger. What they advertise is above and what they delivered to me today is below.,Food
427,From Deccan Herald - 12.12.19,Politics
428,Balloons,Politics
429,COVID precautions for a dine-in restuarant at Gandhi Bazar in Bangalore,Coronavirus
430,An ode to Gandhi ( from twitter ),Politics
431,Every home today morning,Politics
432,Pretty much the current state of India,Politics
433,Need all the help possible.,[R]eddiquette
434,Found at a hospital in India.,Non-Political
435,[OC] This Contest From Maggi.,Non-Political
436,Bengaluru City Police,Non-Political
437,Just a photo of HP Petrol Pump I took recently. The line drawing is added in PS later. [OC] 3922x4902,Photography
438,This is too funny,Coronavirus
439,The Editors Guild of India has issued a statement,Politics
440,Modern day mathematics for modern problems...Brilliant stuff!,Politics
441,An in depth news coverage of the monsoons,Non-Political
442,#satisfying,Non-Political
443,A drawing I made of the music composer Ilaiyaraja! Pencil on paper.,Art/Photo (OC)
444,YES Bank,Business/Finance
445,Pic From Rural Kerala,Non-Political
446,ALL my videos from LBRY also got removed. So WhiteHatJr also controls DECENTRALISED video hosting platfroms.,Business/Finance
447,The Times Of Modi!,Politics
448,Science students can relate,Non-Political
449,I am a Muslim and I wish all my Hindu brothers and sisters a happy Dusshera!,Non-Political
450,Happy Teachers Day,Non-Political
451,I did not give NEET today,Non-Political
452,It's confirmed but also not confirmed.,Non-Political
453,The Original 10-Year Challenge,Non-Political
454,"Wait for straw, sipper gets longer for Stan Swamy, who has Parkinson‚Äôs disease and is in Jail",Politics
455,When Google gives up,Non-Political
456,A Big Lake in Chennai - 2018 vs. 2019,Politics
457,Something I made given the time _/\_,Non-Political
458,Good boi in traffic,Non-Political
459,First Mango ü•≠ in our home,Food
460,At the Pune protest at Pune University,Politics
461,Chill!,Politics
462,"This girl with a ""Donate a book to the needy"" placard",Politics
463,Congratulations to the Indian Women's Rugby Team who have scripted history by registering their First-Ever International 15s Victory by beating Singapore in the Asia Rugby Women's Championship Division 1,Sports
464,The Aarogya Setu app on my mom's phone was recording video continuously for 7.5 hours,Coronavirus
465,1937 advertisement for India,Non-Political
466,15-year-old asks PM Modi to order all religious trusts to donate 80% of 'God's wealth' to fight Covid-19.,Coronavirus
467,12-year old girl dies after walking for three days to go home!,Coronavirus
468,Hi r/India! I wanted to share this piece I finished this morning of my granduncle in Punjab,Non-Political
469,Cows in Therapy,Politics
470,Today's BombayTimes is almost 90% filled with ads.,Non-Political
471,DeMonetisation Disaster,Politics
472,"Not a glitch in the photo, Jama Masjid, Ahmedabad",Photography
473,"Saket Gokhale: I‚Äôm applying for permission to @DelhiPolice this week for taking out a rally chanting ‚Äúdesh ke gaddaron ko, goli maaro saalon ko‚Äù.",Politics
474,"@ANI: Do you know why China was able to take away a part of our land? It is because China knows that the person who is sitting at the top position, just cares about his image: Congress leader Rahul Gandhi in Patiala, Punjab",Politics
475,Heal.,Politics
476,"This wonderful ""Mario"" themed travel safety video by Ixigo.",Coronavirus
477,"Dear /r/india, I need your help. An 18-year-old was brutally murdered.",Non-Political
478,Every single time!,Non-Political
479,"I've never felt so helpless, please help our family.",Unverified
480,"Mumbai Police files FIR against Arnab Goswami, accuses him of spreading hatred",Politics
481,Today is 26/11,Politics
482,"Deccan Herald - Speak Out - December 31st, 2019",Politics
483,[OC] I painted a mural.,Non-Political
484,Modi: From Nov 8 to abolish 500 and 1000 Rupee notes.,Policy & Economy
485,Gurgaon floods. This was the view today around the most expensive real estate in the country.,Non-Political
486,A man confronts the cops harassing a couple in a park. Much respect! We need more folks like him.,[R]eddiquette
487,"Powai, Mumbai - The great divide",Non-Political
488,"A golden evening above the clouds, Snowline, India. Credit: u/theomulator",Photography
489,Pick your poison wisely!,Food
490,"A watercolour painting of the Jama Masjid I did today from an old photo of mine, I hope you like it and wish you all courage and patience for the days to come !",Non-Political
491,Something wholesome I came across this morning in Bangalore,Non-Political
492,Google nees to denounce unauthorised use of its name in WhitehatJr. Ads,Business/Finance
493,Committed to Press Freedom | Deccan Herald Speak Out,Politics
494,Pune. My city. Standing strong. How about you?,Politics
495,"#OnThisDay in 1975, history was made when India‚Äôs first satellite - Aryabhata, was launched from Kapustin Yar in Russia.",Science/Technology
496,Catch it before it‚Äôs too late.,Politics
497,Vegetable market in Sikkim,Non-Political
498,[OC] Mango blossoms in September!,Photography
499,"India Gate ( Arc-de-Triomphe"" like archway in the middle of a crossroad)- New Delhi It took 3 attempts to realise this picture - Nikon D700 | 800 x 501",Photography
500,Different stages of hair loss in perfect order. Mumbai local train memories.,Photography
501,Every single day this spot is absolutely cleaned by the garbage collection guys only to be again dumped with garbage by the end of the night. When will we learn some civic sense to not throw garbage right in the middle.,Politics
502,"India supplied over two thirds of AIDS medication globally over the last two decades, bringing the treatment cost down from $414 per person per year to $74 per person per year which also supported the number of infected people getting treatment increasing over five fold during the last decade.",Science/Technology
503,Domestic Dog saves the lives of 30 People in UP,Non-Political
504,"Dera Sacha Sauda chief Gurmeet Ram Rahim found guilty of rape, taken into judicial custody",Politics
505,"The Telegraph, 8 October 2020.",Politics
506,Today's Telegraph. Vive la r√©volution.,Politics
507,"Love Jihad, by @sanitarypanels",Politics
508,Sunil Chhetri (Charcoal art) made in our uni,Sports
509,Rivalry at its classiest,[R]eddiquette
510,"My wife was angry with me. Then I made this. Now she isn't angry. We happily lived ever after. [Dahi Puri, Dilli style]",Food
511,"Tired Of Racism, Northeastern Students Appeal To The Country To Stop Calling Them 'Coronavirus'",Politics
512,57 billionaires control 70% of India‚Äôs wealth ‚Ä¶ India is second most unequal economy after Russia,Policy/Economy -2017 Article 
513,IISC Banglore,Non-Political
514,Just realised that MDH uncle‚Äôs photo only appears on the vegetarian items,AskIndia
515,"Tis the season, people :D",Food
516,Countries with smaller population than Uttar Pradesh.,Politics
517,Bihar results!,Politics
518,"[OC] Although mumbai rains are disruptive, they do bring beautiful scenery and holidays.",Photography
519,"Even when the Avengers are in trouble & no matter where they are, our Sikh bros will be ready to serve the Langar.",Non-Political
520,"Dads, Indian Dads",Non-Political
521,Thank you r/india,Non-Political
522,Hi folks here's a map I made of India's railway network - data from OSM.,Science/Technology
523,"The Great Wall of India for Trump, by Pencilashan.",Politics
524,Indian albino family,Non-Political
525,Me and my dad at Taj Mahal. 25 years apart!,Non-Political
526,Good evening y‚Äôall! Mughal (Akbar) silver rupee dated 1589AD from my coin collection.,Non-Political
527,If irony needed a profile picture.,Politics
528,"[BREAKING] Suit has been filed before Delhi High Court by four Bollywood industry Assns & 34 leading Bollywood producers AGAINST, Republic TV, Arnab Goswami, Pradeep Bhandari, Times Now, Rahul Shivshankar, Navika Kumar.",Politics
529,Hyderabad #CAAProtests,Politics
530,When you're promoting a patriotic movie but someone asks to show your passport,Non-Political
531,Happy Ganesh Chaturthi!,Non-Political
532,To Become Mere Pawn...,Politics
533,Social Distancing - Kerala way,Coronavirus
534,Today's Hyderabad protest,Politics
535,Brave students Protesting against NRC and CAB in Delhi,Politics
536,"""I bless the rains down in Africa""",Non-Political
537,I'm drawing stories of migrant laborers from the news,Politics
538,Digital potrait of Amrish Puri in Temple of Doom by Rohit Singh,Non-Political
539,IAS Officer Srijana Gummalla returned to work just 22 days after giving birth to her son.,Non-Political
540,Captured this just before sunrise near Bhimavaram on my way to Vizag by train.,Photography
541,John Oliver rips apart Arnab Goswami on today's episode of Last Week Tonight. Must watch! Should be on YouTube soon.,Politics
542,Indian Ascetic during Kumbh Mela.,Photography
543,Irony died thousand deaths,Politics
544,Getting in on the Selfie craze [P],Non-Political
545,Ram Gopal Varma announces film titled ‚ÄòArnab -The News Prostitute‚Äô; calls out the journalist for his TV debates on Bollywood,Non-Political
546,Good evening India. You might remember I posted her half finished a while a go? Here she is! My finished Lakshmi Diamond Painting.,Non-Political
547,Constitution will now be called Comedy,Politics
548,[OC] Thought of Colorizing the famous pic of Shaheed Bhagat Singh for Independence Day. Wish you all a Happy Independence Day.,Non-Political
549,Thanks Delhi - For giving India some hope,Politics
550,A coconut vendor celebrating Deepavali in Bengaluru !!,Non-Political
551,No comics today. [OC],Non-Political
552,Indian parent,Non-Political
553,Mangroves in Mumbai. Poco F1 (3024x4032),Photography
554,Eid Mubarak !!,Scheduled
555,20 lakh crore,Policy & Economy
556,A poster at Shaheen Bagh,Politics
557,Lone Aadhaar dissenter wins a point,Policy & Economy
558,"A member of indian army services corps at Dunkirk, 1940.",Non-Political
559,Minus 23.9 per cent,Policy & Economy
560,"""Doland, Don't do Press Conference...""",Politics
561,/r/India is one of the biggest reasons for where Brown Paperbag is at now. Here are some of my latest comics directly hosted on imgur for all those without a Facebook or Instagram account,Original Comics
562,Maslow‚Äôs hierarchy of needs,Politics
563,#Justice for Asifa # Beti Bachao,Politics
564,When you lose your ball ..you improvise..this happens only in India?!?!,Non-Political
565,There is good news and bad news,Politics
566,Please give this guy his ‚Çπ2,Business/Finance
567,Print media finally standing up against social media.,Non-Political
568,Whats with this country and its standards?,Non-Political
569,"Act of kindness. The Hindu photographer Vijay Bate clicked this image in Juhu, Mumbai, where a resident was seen feeding a peacock residing in the area. Source : The Hindu",Non-Political
570,"Karan Bajaj & Whitehat Jr. tried to silence Pradeep Poonia by 20 Crore Lawsuit, but it backfired as it resulted in probably hundreds of thousands of Google Searches on Pradeep Poonia & the said scam he was exposing. [Data: Google Trends]",Business/Finance
571,"As people sink into poverty, India‚Äôs resources cater to whims of the most expensive PM in history",Politics
572,Konark Wheel sculpted by Sudarsan Pattnaik at International Sand Art Exhibition,Non-Political
573,Anyone can win IPL but...,Non-Political
574,"Sprinter Dutee Chand says she‚Äôs in same-sex relationship with soulmate. Dutee Chand, the 100 m record holder and winner of two silver medals at the 2018 Asian Games, is the first Indian sports star to acknowledge being in a same-sex relationship.",Non-Political
575,Khajuraho | OnePlus 6 | 3072x4096 | Madhya Pradesh,Photography
576,Nirbhaya case: All 4 death row convicts have been hanged at Tihar jail,Non-Political
577,"Divide and Rule, by Sharique",Politics
578,Finishing his homework.,Non-Political
579,Creativity Level - Blue,Business/Finance
580,How Google Autocomplete Describes India [OC] Re-upload with better readability,Non-Political
581,"What you allow, you encourage.",Politics
582,Assam Floods,Politics
583,Dutee Chand won the Gold Medal in Women's 100m sprint at the 30th Summer University Games in Naples (Italy) on Tuesday. This is the first time an Indian has won a 100m Gold at this global event! No Indian had qualified for the 100m final in the history of the University Games before this.,Sports
584,The new 20 rupee note! Clear inspiration from Mango Bite.,Policy & Economy
585,The masked goons who attacked our democracy.,Politics
586,Tomorrow is a new day.,Sports
587,One of the greatest writer of India: Munshi Premchand and his wife Shivrani Devi,Non-Political
588,Cow playing football. Watch till end.,Sports
589,This is Shakuntala Devi aka the human calculator. We all might have heard about her but a lesser known fact is that she was also the author of first Indian book on homosexuality titled ' The World of Homosexuals.',Non-Political
590,Spotted In Bombay Protests Today,Politics
591,Get Well soon - Cartoonist Alok; 11 May 2020,Politics
592,It took a night but it was worth it. Made my own Dal Bhukara and Garlic Naan at home.,Food
593,Harsha Bhogle.,Politics
594,Burj Khalifa marks India‚Äôs 68th Republic Day with a spectacular LED illumination of our National flag,Politics
595,The only biscuits that could turn your day around. This shit slapped.,Food
596,Me and the boys going to CP.,Non-Political
597,The image speaks for itself.,Politics
598,"All Indians are equal, but some are greater than others - by sanitarypanels",Policy & Economy
599,"Zebra crossing painted but there's no way to cross in Banjara hills, Hyderabad.",Non-Political
600,"India is ""Stockholm Syndrome"" on steroids",Politics
601,We had hail storm in sikkim today.,Non-Political
602,The Continuing Practice of Untouchability in India.,Politics
603,"Kerala tourism advertisement at Times square, New york",Non-Political
604,"Simply Blood is an NGO which provides unlimited meals at Rs 10 in Delhi, and serves everyone, including food delivery executives.",Non-Political
605,Protesters have gathered outside Gateway if India since morning to condemn the violence at JNU. We want freedom from this fascist government,Politics
606,Thug life autowala. From r/Hyderabad,Non-Political
607,Bengaluru traffic cop stops President‚Äôs convoy to let ambulance pass; wins hearts and reward too,Politics
608,Make in India by Satish Acharya,Policy & Economy
609,Did a Cyberpunk edit on a Paharganj photo I found online.,Non-Political
610,Protester at Sydney Cricket Ground during the Australia-India ODI,Business/Finance
611,Manually Colorized and Edited Image of Tagore,Non-Political
612,"5-year jail term, Rs 50 lakh fine for ads promoting skin fairness, govt proposes",Non-Political
613,Eternal sketch for well known novelist Mr. R. K. Narayan's memorable 'Malgudi Days' by legendary cartoonist Mr. R. K. Laxman.,Non-Political
614,My relatives visited me. And I live with my girlfriend unbeknownst to them. And they lost their shit. And it was a thing of beauty. (Re-posting because violated some rules earlier),Non-Political
615,PMCares only about money,Politics
616,"We can save you from Corona, But not from Stupidity!",Non-Political
617,[P] Today's Mann Ki Baat livestream on the official Narendra Modi Youtube channel has more dislikes than likes.,Politics
618,Indian Parents be like,Non-Political
619,Arnab GuSwami on China,Politics
620,Current State of Tamilnadu...,Non-Political
621,WhiteHatJr crossed all the limits. I give up.,Business/Finance
622,See me NOW.,Politics
623,Sunil Chhetri has equalled Lionel Messi with 64 International Goals.,Sports
624,"Abuse us, criticise us but please come watch Indian team play: Sunil Chhetri appeals to football fans",Sports
625,"Madhya Pradesh: Aslam Baba who treated coronavirus by kissing peoples‚Äô hand, dies; 24 contacts test positive",Coronavirus
626,These boys in blue have had a fantastic few years too!,Sports
627,Meanwhile in Gurugram,Non-Political
628,"Anand Mahindra - ""It doesn't matter what your politics are. It doesn't matter what your ideology is. It doesn't matter what your faith is. If you're an Indian, you cannot tolerate armed, lawless goons. Those who invaded JNU tonight must be traced & hunted down swiftly & given no quarter...""",Politics
629,[OC] Lightning in Bangalore today,Non-Political
630,"Native Indian dog breeds are among the most adaptive in the world. Sadly, due to neglect and preference of people for foreign exotic breeds like Huskies (who suffer in the tropical climate of India), many Indian dog breeds are at the brink of extinction.",Non-Political
631,"You Will Not Decide What One Wants To Watch, You Are A Certification Board Not Censor Board: Bombay HC to CBFC",Policy & Economy
632,I was so bored during lockdown I built an Indian flag outside my house. We are all going to bounce back stronger. Jai ho,Non-Political
633,Error 404: Trust not found!,Politics
634,"Anurag Kashyap, Anubhav Sinha, Zoya Akhtar, Kunal Kamra, Diya Mirza, Tapsee Pannu, Gauhar Khan, Rahul Bose protesting against the government.",Politics
635,Should we return?,Politics
636,"For this republic day, I doodled a fully procedurally generated Indian Flag. (Source code in comments)",Non-Political
637,When you order North Indian food from Swiggy,Business/Finance
638,Ravan Dahan ft. Captain America,Non-Political
639,Which is that strange weapon which can transform India?,Politics
640,I discovered I have 'azoospermia' today. Worst day of my life.,Non-Political
641,We need more,Politics
642,"Beef Ban, Demonitsation, Swacch Bharat and Digital India - Modiji's all the achievements in one frame.",Politics
643,It‚Äôs that time of the year everyone !,Food
644,Indians In Europe Call For BJP MP Tejasvi Surya's Removal As Speaker At Hamburg Startup Conference,Politics
645,"93% Muslims view Hindus favourably, but only 65% Hindus view Muslims positively: Pew survey",Politics
646,Kafeel Khan takes battle with Yogi to UN body Kafeel Khan has written a letter to UNHRC informing them about ‚Äúwidespread violations of international human right standards in India and misuse of draconian laws like NSA and UAPA to suppress dissent,Politics
647,Prime Minister's twitter personal account got hacked in the midnight.,Politics
648,"Hi r/India, I've been doing some messy, painterly wallpapers of countries' flags, here's yours[1920x1080]",Politics
649,WhiteHat Jr and the curious case of disappearing dissent,Business/Finance
650,Rahul is holding talks,Politics
651,Sonu Sood 'home delivery' service!,Coronavirus
652,Homemade mango kulfi pops,Food
653,Hathras horror. Finally priyanka vadra could meet with victim's family.,Politics
654,Every single day this spot is absolutely cleaned by the garbage collection guys only to be again dumped with garbage by the end of the night. When will we learn some civic sense to not throw garbage right in the middle of the road especially when there are people living around.,[R]eddiquette
655,Former President APJ Abdul Kalam passes away,Non-Political
656,"It's a humble request to you all, please don't share this image. You can go to jail.",Politics
657,Deepika Padukone reaches JNU to support protesting students.,Politics
658,Mentality of looting public property summed up in one picture,Non-Political
659,We live in an unjust world!,Politics
660,A neta is born:,Politics
661,Anti NRC & CAA rally happening in Bengaluru now. Most roads jammed. Heavy police deployment across the city. Organisers say over one lakh people have asssmbled. Say it is a peace meet.,Politics
662,Is this true?,Politics
663,Mr Arnab!,Politics
664,A tree in Rajasthan covered with locusts,Non-Political
665,Questioning the governance!,Politics
666,"The missing autistic kid case, desperately need your help please take a minute out of your busy life and help.",AskIndia
667,Patriotism vs Not Patriotism,Politics
668,Help! I think my mom is getting scammed and I don't know how to stop it!,Non-Political
669,"Rape of 7-year-old in Bengaluru: Lack of medical report and top lawyer's defense gets accused off the hook. The defence first suggested that the child ‚Äì the seven-year-old ‚Äì was sexually active. When this line was objected to, the defence maintained that she had a vivid imagination. [Sept. '19]",Non-Political
670,"Someone stole a freaking bus stop near my place, Pune",Non-Political
671,Byjus and WhiteHatJr are harassing me. Please help,Science/Technology
672,To all the Biryani lovers out there,Food
673,Right To Privacy is Fundamental Right,Politics
674,Followed a new recipe and made butter chicken plus garlic naan from scratch.,Food
675,Endangered crocodile species in Chennai dies due to loud music from a Sheraton hotel event,Non-Political
676,"Because you guys loved the first artwork, here is a second one. Lodhi Art District, Delhi",Non-Political
677,Journey...,Politics
678,Basically how I'm enjoying monsoon!,Food
679,Sandstorm approaching in Jaipur,Photography
680,Indian Fairness cream ad starterpac [OC],Non-Political
681,"Madhya Pradesh‚Äôs Girl who Cycles 24-km to School Daily, Scores 98.5% in 10th Board Exams",Non-Political
682,"Chief Justice of India , Justice SA Bobde caught without mask, Nagpur.",Non-Political
683,You all are being played and Sonu Sood will join BJP in the near future.,Politics
684,"Life Pro Tip India - If you're getting spammed with ""Personal Loan"" calls, don't hang up or pick and abruptly cut the call. Pick the call, say you want the loan badly and tell them you're jobless and don't have any collateral. They're mark you as Junk on their CRM and steer clear of you.",Non-Political
685,Made Langar Wali Dal and Missi Roti for Sunday Lunch.,Food
686,"[OC] Managed to click this magnificent peacock in Kovalam, Kerala - 3024x4032 - iPhone",Photography
687,The top secret only few know. Patel Statue is a Transformer.,Politics
688,How can educated Indians be so uneducated?,Politics
689,This genuinely makes me sad. Imagine a world without Wikipedia. Please help if you can.,Non-Political
690,Shantashree from Republic quits and exposes the channel's BTS work in pursuit of #Justice4SSR.,Non-Political
691,Empires of India [GIF],Politics
692,When 107-year old 'Mother of Trees' Saalumarada Thimmakka broke protocol & blessed President Ram Nath Kovind while receiving Padma Shri award.She has planted 8000 trees including 400 banyan trees across Karnataka.,Politics
693,Bengaluru police at it with the GOT references! [NP],Non-Political
694,"Meet our nation's future Olympian in shooting. She just blew away Commonwealth Games Record and won Gold by a huge margin of 6.9 points, defeating another shooting veteran Heena Sindhu. And she was born in 2002! just 16yrs old!",Sports
695,Flipkart now uniting long lost brothers.,Non-Political
696,In fond memory of Sushant Singh Rajput And recur demise of Indian Media,Non-Political
697,Deccan Herald does it again.,Politics
698,Waiting for such an address by the PM...,Politics
699,"My flat has dealt damage due to Amphan, mother is recieving only 50% salary. Please hire me for some Freelance work",AskIndia
700,"Hunger in Chennai (Madras), India, 1876",[R]eddiquette
701,India's creativity.,Non-Political
702,Who is the enemy?,Politics
703,"An attempt to address the list of ""simplified"" explanation that is floating around in an attempt to justify the Citizenship Amendment Fact",Politics
704,Live IPL score on a taxi in Hyderabad,Sports
705,Deccan Herald Speak Out pokes Modiji with a dialogue from Amitabh Bachchan-Shashi Kapoor starrer Deewar. Deccan Herald 03-01-2020,Politics
706,Scientists Say Cow Urine Has 'Zero' Health Benefits & That Sounds Like Bad News For Indian Govt,Politics
707,India (1950): 'The Wages of untouchables are wrapped in a leaf and dropped from a safe distance into their hands'.,Politics
708,Hindus put up posters saying ‚Äòsorry‚Äô for mosque attack in Dwarka,CAA-NRC-NPR
709,It's big brain time..,Coronavirus
710,We are not a public authority - Govt,Politics
711,Supreme leader catching up with the trends...,CAA-NRC
712,Possible scam on the huge Youtube tech channel PhoneRadar. I am the winner. Need advice,AskIndia
713,My BRAHMOS 3d printed model finally finished üòä. It fins actually move when you tilt the rocket. It is powered by rocket flight computer TAARA that i am currently working on. Project link in the comment or you can follow the project update on youtube - Saste Jugaad . There will be full tutorial soon,Science/Technology
714,Indian Air Force pilots. 1971 and 2019,Non-Political
715,This Thali!,Food
716,"""Baba Ka Dhaba"" Owner Files Complaint Against YouTuber Gaurav Wasan For Misappropriating Donations",Non-Political
717,Two lenses,Politics
718,Black Lives Matter I African nationals in India complain of being treated like second class citizens,Politics
719,Privileges!,Coronavirus
720,[NP] Wikipedia needs our help.,Non-Political
721,Whistleblower provides blocking orders for over 4000 websites #WhatTheBlock,Policy & Economy
722,"Sacred Games season 1 fanart poster, by me",Non-Political
723,Mumbai police's recent tweet on scams.,Non-Political
724,Shimla,Non-Political
725,Migrant Workers,Coronavirus
726,The Unlawful Activities (Prevention) Act,Politics
727,Indian auto drivers during a traffic jam,Non-Political
728,Translation: Be careful. We ought to save ourselves too while we save them.,Coronavirus
729,Mood Of The Nation Survey,Politics
730,Happy birthday SIR APJ ABDUL KALAM. The missile man would've been 88 today.,Non-Political
731,"Viral Hindu-Muslim, India-Pak lesbian couple celebrates anniversary with new pics. They are stunning",[R]eddiquette
732,7 day media plan.,Politics
733,For all our desi Calvin and Hobbes and Chacha Chaudhary fans!,Non-Political
734,LED traffic strip lights in Hyderabad,Non-Political
735,This grocery store in Kerala‚Äôs Ernakulam uses zero plastic,Non-Political
736,"I made 13 illegal toll booth vanish overnight, milking 3-4 lakhs everyday, using RTI",Policy & Economy
737,Deccan Herald's Speak Out: 7th March 2019.,Politics
738,The 90's is (calcium) strong with this one!,Non-Political
739,No dissent allowed in the world's largest democracy,Politics
740,"Delhi Police Seized 160 Kg Ganja, Reported 1 Kg & Sold The Remaining; Also Let Off The Peddler",Politics
741,When you have more phones than toilets,Politics
742,This year's hand made Ganesha by my sis,[R]eddiquette
743,"[Showerthought] Netflix should provide a ""Skip Song"" Button for Indian movies.",Non-Political
744,First Cut by Manjul,Politics
745,I see your good boi in traffic with purrtty kitty in traffic.,Non-Political
746,"Rahul Dravid ""I don't think I can just get a doctorate because I happen to be a famous cricketer, I need to have done something to earn it."" via book Democracy's XI",Sports
747,Couldn‚Äôt gather data on migrant deaths,Politics
748,"Jawaharlal Nehru Meeting Albert Einstein At Princeton, USA, 1949",Politics
749,All this drama just because of one break-up!,Politics
750,Bengal man who was out to buy milk dies after being beaten up by police,Coronavirus
751,The Gold Standard.,[R]eddiquette
752,Painted near cyber tower,Photography
753,"Mornings at Mulki, India.",Photography
754,Today's March 32nd | Line of no control | TOI,Coronavirus
755,Deccan Herald showing what a hypocrite our PM is,Politics
756,Tinder scene in India,Non-Political
757,Firozabad police fact-checking zee news (translation in comments),Politics
758,"Wanted to share this piece I just finished with you guys, ""The messenger""",Non-Political
759,India's poverty rate has started to rise after almost three decades of continuous reduction.,Policy & Economy
760,Father of the year - SCLR Mumbai,Non-Political
761,"Comparison Between 1 shot vs 240 exposures stacked together to demonstrate that you don't always need expensive equipment or a long drive to a darker area in order to capture the Milky Way Galaxy. Took this from Bhopal [Nikon D3100, 4608x6144][OC]",Photography
762,What a shame :(,Politics
763,Railway police sent missing autistic kid on some random Goa baound Train please help.,AskIndia
764,"Zomato delivery executives at Bawarchi, Hyderabad.",Business/Finance
765,"Some of you asked to see him when finished. Here he is! Ganesh - my 56,000 piece Diamond Painting. Hope you like him üëçüêò",Non-Political
766,Exclusive CCTV footage of police brutality in jamia millia islamia university on 15 December 2019,Politics
767,Winter is coming,Non-Political
768,Divided by religion,Non-Political
769,Sati updated.,Politics
770,Legendary singer SP Balasubrahmanyam dies at 74 in Chennai,Non-Political
771,"Today on the first day of Bengali calendar, wishing all of you a very hearty Subho Noboborsho!!!",Non-Political
772,Each time Bollywood raises voice against Racism. Irony Dies.,Non-Political
773,People don't understand the differences between the army and the paramilitary. BUT THEY MUST.,[R]eddiquette
774,The whole world is trending #deletefacebook and we're trending this.,Non-Political
775,Literally any talent show here.,Non-Political
776,Does my period really makes me impure?,AskIndia
777,Youth gathered yesterday in from of Palika Market- Delhi for a silent protest against climate change and to save our mother earth.,Non-Political
778,"Landlord has cut our water supply and sent us a legal notice. We are a poor family of a divorced mother and 2 kids. Please read, it would mean a lot.",Unverified
779,Root cause of the problem. This protest will be remembered for memes and sense of humor.,Politics
780,"üìçPanampilly Nagar, Kochi, Kerala [No filter, No edit]",Photography
781,"Hundreds of Police Killings in India, but No Mass Protests - The New York Times",Politics
782,An NBA activist showing black flag to Manmohan Singh in 2006. MMS encouraged dissent. Photo by Vikas Khot,Politics
783,The famous duo in new movie,Politics
784,Tamilnadu sending the correct people to prison,Politics
785,So apparently poor people aren't really struggling. Eating dog carcass on a highway is normal. Hungry kids is nothing new. Its just NDTV being anti-modi,Coronavirus
786,My friend raised a complaint on Urbanclap and CEO replied with this,Unverified
787,I don't know how this was not a bigger national discussion. Almost a dozen Navy officers were arrested for spying for Pakistan recently under Operation Dolphin‚Äôs Nose,Politics
788,I lost my dog. Please help and share this to as many people as possible living in and around West Delhi.,Non-Political
789,Netflix and other streaming services should have a 'Skip Song' feature (like 'Skip Intro) for Bollywood movies.,Non-Political
790,Sab Changa Si,Politics
791,I started my Btech degree yesterday at the age of 25.,Non-Political
792,Google removes over 5 million reviews from Play Store to improve TikTok rating,Non-Political
793,"Rahul Gandhi: 'Rahul Gandhi looked after us emotionally, monetarily, but asked us to keep it a secret,' says Nirbhaya's father [Nov, 2017)",Politics
794,"Equinox at Shri Padmanabha Swami Temple, Kerala",Non-Political
795,Was going through my grandpa‚Äôs stuffs and found this.,Non-Political
796,"My grandmother, her children, and her sisters in pre-Partition India.",Non-Political
797,Madhubala - Marilyn Monroe of Bollywood,Non-Political
798,"Bengaluru cops pose as passengers, collect Rs 8 lakh in fines from errant auto drivers. Bengaluru autorickshaw drivers were fined for refusing to ply to certain destinations, demanding more fare and also not having valid or improper documents.",Non-Political
799,"GoT theme song played by ""Arambh"" band using bulbul and dhol tasha in dombivali, India on the occasion of gudi padwa. Thought reddit should see this.",Non-Political
800,The Indian military and para-military are doing something bizzare and unplanned,Politics
801,"Abhay Deol slams ‚Äòwoke Indian celebrities‚Äô talking about black lives but not minorities, migrants in India - bollywood",Politics
802,On today's The Hindu newspaper,Politics
803,this new sign just went up at a karachi bakery in hyderabad,Politics
804,"Each woman in this 1885 photograph was the first licensed female doctor in her respective country (India, Japan, and Syria) [xpost: /r/oldschoolcool]",Non-Political
805,Goon attacked my sister. I need advice on how to proceed further. Please help.,Unverified
806,"Staff from the Election Commission of India returning after conducting a local election in Leh. (Altitude above 10,000 feet)",Non-Political
807,I made the Taj Mahal in Far Cry 5!,Non-Political
808,A picture is worth a thousand words...,Politics
809,DuckDuckGo on Twitter: To our users in India: We‚Äôve received many reports our search engine is unreachable by much of India right now and have confirmed it is not due to us. We're actively talking to Internet providers to get to the bottom of it ASAP. Thank you for your patience.,Science/Technology
810,Protester giving red rose to Delhi Police at Jantar Mantar,Politics
811,"Chhattisgarh journalist Kamal Shukla's health is rapidly deteriorating and now he has also tested positive for Covid-19. | Two weeks he was beaten and threatened by Congress leaders and had went on fast unto death for 9 days, to demand justice. But action by the State Govt. remains elusive.",Politics
812,Made Oreo Tiramisu. All easily available ingredients so final cost was ~Rs. 350 to make 1kg cake. Gourmet on a budget!!,Food
813,"This advice is so Indian and relevant, it made me laugh so hard.",Non-Political
814,A Clean Break [x-post r/Polandball],Non-Political
815,"Saw two gentlemen, one with a tray full water glasses and the other with a jug full, get on the bus at a traffic stop. Can't put into words how amazing this small gesture made me feel. [Musheerabad, Hyderabad]",Non-Political
816,A view of the Taj Mahal that you do not usually see. (X-post from r/interestingasfuck) [NP],Non-Political
817,I can't help but think about how much I was bullied in my school for being a South indian in north india.,Non-Political
818,Anyone else sick of news reporting what celebrities are upto during the lockdown?,Non-Political
819,I meet these kids everyday when I go on my run. They're always happy.,Non-Political
820,[OC] Today's lunch after a pooja at home,Food
821,"""Overwhelmed,"" Says Delhi Mango Seller, Flooded By Donations After Loot",Non-Political
822,No Onion at Subway,Policy & Economy
823,White Hat Jr gets a partial gag order against Pradeep Poonia who now has to defend a ‚Äòhacking‚Äô charge as well | White Hat Jr has charged Pradeep Poonia of hacking and trademark violation aside from defamation.,Business/Finance
824,Time to open our eyes...,Politics
825,Dislike,Politics
826,Mother Tongue by Region based on 2011 Census,Non-Political
827,Desperate times calls for desperate measures,Unverified
828,Visuals from Ghaziabad where migrants have turned up in large numbers to get themselves registered for special trains.,Coronavirus
829,Vegetables harvested from the terrace garden,Food
830,"6,000 Copies Of Tripura Newspaper Destroyed For Exposing Rs 150 Cr Agriculture Scam Involving BJP Minister",Politics
831,[NP] We should really appreciate Mumbai Police's social media team.,Non-Political
832,The government is lying to us.,Coronavirus
833,"These Indians in Russia with banner saying ""India coming soon!""",Sports
834,My one day baby is interested in coding which is the best platform to learn?,AskIndia
835,'Privileged should try and create a better world': second-richest man in India gives $7.5 billion to his charitable foundation,Non-Political
836,"Shrinking economy, rising Corona",Politics
837,"My 9 year-old niece wants to become a scientist for ISRO, and has some idea of how her Managalyaan should look like...",Non-Political
838,Delhi Elections 2020 by Sanitary Panels,Politics
839,"Sushma Swaraj with The King, The Queen and The Prince of Bhutan",Politics
840,Interesting marketing strategy by an Indian restaurant,Unverified
841,Goddess Kali drawn on a Starbucks cup by artist Rashmi Krishnappa. [Non OC],Photography
842,Homemade Hyderabad Biryani,Food
843,I took this image while travelling in the remote villages of Telangana. A man is getting ready to perform in a play while his daughter observes him with all wonder.,Non-Political
844,"#BREAKING - Father of the woman who said that she was raped by a BJP MLA & his accomplices, passed away, allegedly in police custody, after he was arrested yesterday. The woman & her family had attempted suicide outside UP CM Yogi Adityanath‚Äôs residence in Lucknow yesterday [P]",Politics
845,Life savers!,Non-Political
846,From Today's (29th Dec) massive rally in Pune against discriminatory CAA and NRC!,Politics
847,India Gate,Politics
848,"""Rioteers can be indentified by their Dress""",Politics
849,Prime Time,Politics
850,Mural Painting done by my Mom,Photography
851,Dear kind people of this group.I would like to inform you that my friend who posted about his mental health issues here and got your unwavering support and love has passed away today morning after a tough fight with Corona .,Unverified
852,BJPs campaign so far,Politics
853,Almost half finished: my Diamond Painting of Godess Lakshmi üôè hope you like her üáÆüá≥.,Non-Political
854,SanitaryPanels strikes again.,Politics
855,Low cost carrom,Sports
856,Netmeds.com showing misleading numbers saying 'N people are viewing this item' while it is just random number.,Business/Finance
857,India conducted surgical strikes last night across LoC to safeguard our nation: Defence Ministry,Politics
858,"@TIME: ‚ÄúThough almost all of India‚Äôs Prime Ministers have come from the nearly 80% of the population that is Hindu, only @narendramodi has governed as if no one else matters,‚Äù @karl_vick writes #TIME100",Politics
859,India‚Äôs Sumit Nagal took down Roger Federer 6-4 in the first set!! Yay!!,Sports
860,"One Country, Two Standards",Politics
861,ISRO's twitter handle just shared this imaged of the GSLV Mk3 launch,Science/Technology
862,The traffic police in this city is getting creative,Non-Political
863,"Right to live with a person of choice, irrespective of religion, is intrinsic to right to life and personal liberty: Allahabad High Court",Politics
864,First Cut by Manjul,Politics
865,A Hero's Welcome (Artist: Uday Mohite),Coronavirus
866,"Corona has proven that India's bigger problem is not illiteracy, it's stupidity of literate people.",Coronavirus
867,"Thank you, from a foreigner in Hyderabad",Non-Political
868,Who else remember the Beyblade tazos spinners come with lays & cheetos back in 2000's?,Non-Political
869,A rare photo of Subhash Chandra Bose meeting with Hitler,Politics
870,Zomato being Tomato,Business/Finance
871,"In an upscale apartment society of India, maintenance committee teaching people about dog poop!",Non-Political
872,Lego golden temple,Non-Political
873,God bless India,Science/Technology
874,Poster at Ahmedabad protest.,Politics
875,"BJP Blocks Parliament Panel Review Of PM CARES Fund, Coronavirus Response",Politics
876,india's got talent,Non-Political
877,Migrants on the Road,Non-Political
878,"EXCLUSIVE: Documents Show Modi Govt Building 360 Degree Database To Track Every Indian: Documents obtained under RTI show the govt is planning to use Aadhaar to automatically track every single Indian ‚Äì from who they marry, address changes, financial status ‚Äì through the National Social Registry.",Politics
879,Hmm,Non-Political
880,#Breaking | A 16-year-old girl commits suicide in Kanpur after being let down by the cops. The cops didn't file an FIR against the 3 accused who gang-raped her.,Politics
881,"87 years ago today, Shaheed Bhagat Singh was executed in Lahore, he was 23 years old.",Politics
882,[Meme] Every Indian childhood ever.,Non-Political
883,"Taj Mahal, Agra - 1980 : colorized by me [1176 x 1532]",Photography
884,"Friends back in village have a book club, pic from this Sunday reading under banyan tree.",Non-Political
885,"12-Year-Old Walks 3 Days Amid Lockdown, Dies Just An Hour From Home",Coronavirus
886,India just approved net neutrality rules that ban ‚Äòany form‚Äô of data discrimination,Policy & Economy
887,Mumbai: Man booked for calling Aaditya Thackeray ‚Äòbaby penguin‚Äô,Politics
888,Azad Hind Fauj (INA) training camp in Shanghai with Sikh recruits.,Non-Political
889,Reddit meetup 2018 - Kolkata,[R]eddiquette
890,India‚Äôs WhiteHat Jr is startup hell,Business/Finance
891,"Jodhpur Railway Station. Cleanliness on point. 3120 x 4160, Asus Zenfone Max Pro M1, 13 MP",Photography
892,Real Priorities of our government [NP],Politics
893,Save Water,Non-Political
894,"A guy with a Higher degree than me, delivered my food today.",Non-Political
895,"Cartoon by Rohan Chakravarty, 15 Feb 2020",Politics
896,The Pyramid od Capitalism in India,Politics
897,[OC] [Meme] India's massive Jio carrier is blocking VPN sites and violating net neutrality rules,Business/Finance
898,TIL: An Indian will spend one-fifth of this life's earning on a wedding ceremony,Non-Political
899,"Mamata Banerjee, Chief Minister of West Bengal, leading a rally against CAB.",Politics
900,"A Hero Will Rise, digital art by Edwin Christo",Non-Political
901,"Tata family has no special right, a non-Tata may one day head the Trusts: Ratan Tata",Business/Finance
902,"England divides, England unites.",Sports
903,"66 years old Elderly cleric of one of the oldest and most respected Shia seminaries of Muzaffarnagar, Maulana Asad Raza Hussaini, a presidential award winner, brutally beaten up by Ajay Bisht's UP Police. (Source in comment)",Politics
904,Exhausted nurses after a shift in a Dedicated Covid hospital in Odisha. I swear we don't thank them enough. These guys are awesome. (posted here with consent). Will be indebted to them all my life for taking care of my pappa.,Coronavirus
905,"The Mizoram kid, Derek C Lalchhanhima, whose innocent act of taking a chick to hospital went viral yesterday was appreciated at his School St. Pio, Sairang today.",Non-Political
906,"Thank you Reliance Fresh, very cool!!",Non-Political
907,Daddy loves you...,Politics
908,"Lockdown scenes in Kurnool, Andhra Pradesh which already has around 203 cases so far.",Coronavirus
909,"Storm in Assam, Gauhati Today",Non-Political
910,"I don‚Äôt want my child to inherit an India built on hate, says Rajiv Bajaj",Politics
911,Who else miss the old Cartoon Network Shows?,AskIndia
912,Our national pothole is here !,Photography
913,Flipping bottles is too mainstream,Non-Political
914,Help Simran,Non-Political
915,"Architect converts auto rickshaw into mobile home complete with bed, kitchen and toilet.",why tho?
916,This Manipur Man Has Single-Handedly Replanted A 300 Acre Forest And Saved Over 250 Species Of Plants,Non-Political
917,"[OC] A view from our campsite in Dallapalli, Andhra Pradesh. 4608x2304, Shot on OnePlus 5T. F1.7 ISO100.",Photography
918,Dealing with hunger!,Politics
919,So coincidental..,Politics
920,"The chronology, as it stands.",Politics
921,Religion? Zero fs given by all other animals except us.,Non-Political
922,Hindu man gets severe burn injuries while saving six Muslims!,Politics
923,From Jakob's wall.,Politics
924,CAB Bill 2019 - News/Protests/Editorials Megathread,CAA-NRC
925,This is massive! India wins 368 medals at Special Olympics Summer Games! Kudos!,Sports
926,Swiggy now delivers fresh fish?!,Non-Political
927,[NP] This is Thameem. The Ambulance Driver who drove 518 kms in 6 hours from northern tip of Kerala to the Southern end. The ambulance was taking a 31 day old baby from Pariyaram Medical College (Kannur) to SAT Hospital (Trivandrum). The ambulance reached SAT at 03:15am today morning.,Non-Political
928,"No Safety gear, no protection for construction workers. That's how building homes works in our country",Non-Political
929,Excerpt by Ahsis Nandy from his interview with Modi in 1996,Politics
930,"Govt. Refuses To Censor Netflix, Amazon Prime; Self-Regulation Will Be Supported!",Misleading Headline 
931,"New Delhi in 1950s. Clean air, without smog.",Non-Political
932,Shaheen Bagh right now,CAA-NRC
933,Kerala is pulling plastic from the oceans to build roads. Removed 25 tonnes of plastic from the Arabian Sea in first 10 months.,Politics
934,"A few days ago, I shared the first of my India based comics - Brown Paperbag. The response has been overwhelming. I owe a lot of it to Reddit /r/India. So here are some more of them for those of you who are not on Facebook",Non-Political
935,"""Nirvana"" (4000x6000 | Hussain Sagar, Hyderabad)",Photography
936,LODHA Group files INR 100 CRORE Defamation court against Youtuber Activist Krishnaraj Rao.,Politics
937,The neighbor kids and my puppy fell in love with each other at first sight,Photography
938,Let's all take a moment to appreciate the Dev Team's commitment here,Non-Political
939,Just a reminder post,Politics
940,One Similarity.,Politics
941,Asianet News has an interpreter translating every word into Sign Language,Non-Political
942,"Every Institution, Mechanism Or Tool That Is Designed To Hold The Executive Accountable Is Being Systematically Destroyed: Justice AP Shah",Politics
943,Netflix got no chill,Politics
944,24 year old male with no degree,AskIndia
945,Rhea Chakraborty to Take Legal Action Against Media Houses,Politics
946,"On this day 2 years ago , we lost these two brave warriors in the war against black money .",Politics
947,"Mohammed Sharif, a bicycle mechanic who has been performing the last rites of thousands of unclaimed dead bodies for the last 25 years Awarded Padma Shri.",Politics
948,Stop being a racist!,Non-Political
949,Best 10 year challenge feat. Gujjuboi No. 1,Non-Political
950,The real Punjabi deal,Non-Political
951,Welcome home Dr. Kafeel Khan,Politics
952,"If all in bollywood are called druggies then why aren't all in politics called rapists, murderers and scammers?",Politics
953,Only in India.. at Mysore Zoo,Photography
954,Respect for whoever did this.,Non-Political
955,"Panama Papers - In Pakistan it gets you Disqualified, In India you get to promote GST!",Politics
956,"An Indian doctor chose to stay in China and treat coronavirus victims, despite his mother's pleas to return home",Non-Political
957,[OC] Polluted/ Smoggy Skies over Delhi vs Pollution free skies over Ladhak üòÑ - Taken during flight from Leh to Delhi today. | 1080 x 1620,Photography
958,Narendra Modi vs Vivek Oberoi,Politics
959,Did you know?,Sports
960,My Pics were used for pornographic content and I don't know what to do.,Unverified
961,Breaking : State Of Kerala Files Suit In SC Against Union Govt Challenging Citizenship Amendment Act [Read Plaint],Politics
962,My Covid-19 quarantine experience,Non-Political
963,A poster I did for Mtv India Biryani Emoticon campaign - This is done with completely Open source Software.,Art/Photo (OC)
964,Standard Hot Chips Counter.,Food
965,"Deccan Herald Speak Out: October 30, 2020",Politics
966,Found this in r/propagandaposters. Couldn‚Äôt cross post so I just reposted it here. Looks like USSR couldn‚Äôt get our flag right.,Politics
967,Lenskart is an asshole. It won't let you unsubscribe from it's shitty emails by disabling the unsubscribe button,Non-Political
968,Opened my taxation laws textbook and this is the first thing I saw. As Indian as it can get.,Non-Political
969,Perfect Sunday brunch in the autumn sun.,Food
970,UP gangster Vikas Dubey killed while being taken to Kanpur after arrest yesterday,Politics
971,We're bleeding as a nation,Politics
972,"A traffic policeman fed a homeless woman who was too weak to eat on her own in Hyderabad, India (x-post from pics)",Non-Political
973,Azim Premji among the highest private donors for the covid19,Coronavirus
974,"Dog found in Jaipur (OnePlus5, 1306x979)",Photography
975,"A friend of prepared meals and distributed it to the poor. Look at the smile. Photo taken in Cuttack, India. The city has been reeling under the rising covid cases and a city wide shutdown since weeks",Unverified
976,Happy 99th birthday Satyajit Ray!,Non-Political
977,The very fact that we have fairness creams and celebrities promoting them is a racist ideology that needs to be crushed.,Non-Political
978,"[NP] Constable Sudarshan Shinde, saving a girl caught in Kamala Mills Fire in Mumbai. Risking his life, he saved 8 lives, carrying them on his shoulders.",Non-Political
979,Marine Drive pic taken yesterday..,Coronavirus
